Вопрос,Ответ,Нормативная база
Какие документы нужны для продажи квартиры?,"Паспорт, свидетельство о праве собственности, технический паспорт, справка о зарегистрированных лицах, согласие супруга (при необходимости), справка об отсутствии задолженности по коммунальным услугам. Данные положения регулируются в соответствии с законодательством Республики Беларусь.",Закон РБ от 22.07.2002 № 133-З; Указ Президента РБ от 09.01.2006 № 15
Как проверить наличие ареста на недвижимость?,Через запрос в ЕГРНИ либо в территориальную службу по госрегистрации. Также можно обратиться к нотариусу или юристу. Это важно учитывать при подготовке к сделке.,Закон РБ от 22.07.2002 № 133-З; Гражданский кодекс РБ
Какие требования предъявляются к риэлтерской деятельности?,"Необходимо иметь аттестат риэлтера, быть зарегистрированным субъектом хозяйствования и соблюдать стандарты оказания риэлтерских услуг. Рекомендуется проконсультироваться с юристом для уточнения деталей.",Указ Президента РБ от 09.01.2006 № 15; Закон РБ от 14.10.2022 № 213-З
Что такое ЕГРНИ и как получить выписку?,ЕГРНИ — Единый государственный регистр недвижимости. Выписку можно получить в службе 'Одно окно' либо онлайн через портал государственных услуг. Рекомендуется проконсультироваться с юристом для уточнения деталей.,Постановление Совета Министров РБ № 485 от 21.06.2011
Какие налоги платит продавец квартиры?,С 2023 года физические лица освобождаются от НДФЛ при продаже одного объекта недвижимости раз в пять лет. Иначе — 13% от дохода. Рекомендуется проконсультироваться с юристом для уточнения деталей.,"Налоговый кодекс РБ, ч. 2, ст. 153"
Что входит в технический паспорт объекта?,"Сведения о площади, этажности, материалах, планировке, годе постройки, инженерных коммуникациях и пр. Такие требования обязательны для соблюдения правовых норм.",Инструкция о технической инвентаризации (утв. Госкомимуществом)
Можно ли продать квартиру без согласия супруга?,"Нет, требуется нотариально удостоверенное согласие супруга, если имущество совместно нажитое. Следует учитывать особенности в зависимости от типа объекта.","Семейный кодекс РБ, ст. 26"
Как проверить правовой статус земельного участка?,"Можно через портал Минюста, карту публичной кадастровой карты или обратиться в агентство по регистрации. Данные положения регулируются в соответствии с законодательством Республики Беларусь.","Инструкция о порядке регистрации недвижимости, утвержденная Минюстом"
Как происходит регистрация перехода права собственности?,"Подача заявления, подписание договора, предоставление пакета документов в регистрирующий орган. Регистрация занимает до 5 рабочих дней. Данные положения регулируются в соответствии с законодательством Республики Беларусь.",Закон РБ от 22.07.2002 № 133-З
Что нужно для заключения договора аванса?,"Письменная форма, сумма, сроки, обязательства сторон, подтверждение получения денежных средств. Такие требования обязательны для соблюдения правовых норм.","Гражданский кодекс РБ, ст. 408-411"
Какие документы нужны для продажи квартиры?,"Паспорт, свидетельство о праве собственности, технический паспорт, справка о зарегистрированных лицах, согласие супруга (при необходимости), справка об отсутствии задолженности по коммунальным услугам. Такие требования обязательны для соблюдения правовых норм.",Закон РБ от 22.07.2002 № 133-З; Указ Президента РБ от 09.01.2006 № 15
Как проверить наличие ареста на недвижимость?,Через запрос в ЕГРНИ либо в территориальную службу по госрегистрации. Также можно обратиться к нотариусу или юристу. Данные положения регулируются в соответствии с законодательством Республики Беларусь.,Закон РБ от 22.07.2002 № 133-З; Гражданский кодекс РБ
Какие требования предъявляются к риэлтерской деятельности?,"Необходимо иметь аттестат риэлтера, быть зарегистрированным субъектом хозяйствования и соблюдать стандарты оказания риэлтерских услуг. Такие требования обязательны для соблюдения правовых норм.",Указ Президента РБ от 09.01.2006 № 15; Закон РБ от 14.10.2022 № 213-З
Что такое ЕГРНИ и как получить выписку?,ЕГРНИ — Единый государственный регистр недвижимости. Выписку можно получить в службе 'Одно окно' либо онлайн через портал государственных услуг. Такие требования обязательны для соблюдения правовых норм.,Постановление Совета Министров РБ № 485 от 21.06.2011
Какие налоги платит продавец квартиры?,С 2023 года физические лица освобождаются от НДФЛ при продаже одного объекта недвижимости раз в пять лет. Иначе — 13% от дохода. Данные положения регулируются в соответствии с законодательством Республики Беларусь.,"Налоговый кодекс РБ, ч. 2, ст. 153"
Что входит в технический паспорт объекта?,"Сведения о площади, этажности, материалах, планировке, годе постройки, инженерных коммуникациях и пр. Следует учитывать особенности в зависимости от типа объекта.",Инструкция о технической инвентаризации (утв. Госкомимуществом)
Можно ли продать квартиру без согласия супруга?,"Нет, требуется нотариально удостоверенное согласие супруга, если имущество совместно нажитое. Это важно учитывать при подготовке к сделке.","Семейный кодекс РБ, ст. 26"
Как проверить правовой статус земельного участка?,"Можно через портал Минюста, карту публичной кадастровой карты или обратиться в агентство по регистрации. Следует учитывать особенности в зависимости от типа объекта.","Инструкция о порядке регистрации недвижимости, утвержденная Минюстом"
Как происходит регистрация перехода права собственности?,"Подача заявления, подписание договора, предоставление пакета документов в регистрирующий орган. Регистрация занимает до 5 рабочих дней. Рекомендуется проконсультироваться с юристом для уточнения деталей.",Закон РБ от 22.07.2002 № 133-З
Что нужно для заключения договора аванса?,"Письменная форма, сумма, сроки, обязательства сторон, подтверждение получения денежных средств. Данные положения регулируются в соответствии с законодательством Республики Беларусь.","Гражданский кодекс РБ, ст. 408-411"
Какие документы нужны для продажи квартиры?,"Паспорт, свидетельство о праве собственности, технический паспорт, справка о зарегистрированных лицах, согласие супруга (при необходимости), справка об отсутствии задолженности по коммунальным услугам. Следует учитывать особенности в зависимости от типа объекта.",Закон РБ от 22.07.2002 № 133-З; Указ Президента РБ от 09.01.2006 № 15
Как проверить наличие ареста на недвижимость?,Через запрос в ЕГРНИ либо в территориальную службу по госрегистрации. Также можно обратиться к нотариусу или юристу. Такие требования обязательны для соблюдения правовых норм.,Закон РБ от 22.07.2002 № 133-З; Гражданский кодекс РБ
Какие требования предъявляются к риэлтерской деятельности?,"Необходимо иметь аттестат риэлтера, быть зарегистрированным субъектом хозяйствования и соблюдать стандарты оказания риэлтерских услуг. Данные положения регулируются в соответствии с законодательством Республики Беларусь.",Указ Президента РБ от 09.01.2006 № 15; Закон РБ от 14.10.2022 № 213-З
Что такое ЕГРНИ и как получить выписку?,ЕГРНИ — Единый государственный регистр недвижимости. Выписку можно получить в службе 'Одно окно' либо онлайн через портал государственных услуг. Это важно учитывать при подготовке к сделке.,Постановление Совета Министров РБ № 485 от 21.06.2011
Какие налоги платит продавец квартиры?,С 2023 года физические лица освобождаются от НДФЛ при продаже одного объекта недвижимости раз в пять лет. Иначе — 13% от дохода. Рекомендуется проконсультироваться с юристом для уточнения деталей.,"Налоговый кодекс РБ, ч. 2, ст. 153"
Что входит в технический паспорт объекта?,"Сведения о площади, этажности, материалах, планировке, годе постройки, инженерных коммуникациях и пр. Следует учитывать особенности в зависимости от типа объекта.",Инструкция о технической инвентаризации (утв. Госкомимуществом)
Можно ли продать квартиру без согласия супруга?,"Нет, требуется нотариально удостоверенное согласие супруга, если имущество совместно нажитое. Это важно учитывать при подготовке к сделке.","Семейный кодекс РБ, ст. 26"
Как проверить правовой статус земельного участка?,"Можно через портал Минюста, карту публичной кадастровой карты или обратиться в агентство по регистрации. Такие требования обязательны для соблюдения правовых норм.","Инструкция о порядке регистрации недвижимости, утвержденная Минюстом"
Как происходит регистрация перехода права собственности?,"Подача заявления, подписание договора, предоставление пакета документов в регистрирующий орган. Регистрация занимает до 5 рабочих дней. Такие требования обязательны для соблюдения правовых норм.",Закон РБ от 22.07.2002 № 133-З
Что нужно для заключения договора аванса?,"Письменная форма, сумма, сроки, обязательства сторон, подтверждение получения денежных средств. Это важно учитывать при подготовке к сделке.","Гражданский кодекс РБ, ст. 408-411"
Какие документы нужны для продажи квартиры?,"Паспорт, свидетельство о праве собственности, технический паспорт, справка о зарегистрированных лицах, согласие супруга (при необходимости), справка об отсутствии задолженности по коммунальным услугам. Следует учитывать особенности в зависимости от типа объекта.",Закон РБ от 22.07.2002 № 133-З; Указ Президента РБ от 09.01.2006 № 15
Как проверить наличие ареста на недвижимость?,Через запрос в ЕГРНИ либо в территориальную службу по госрегистрации. Также можно обратиться к нотариусу или юристу. Такие требования обязательны для соблюдения правовых норм.,Закон РБ от 22.07.2002 № 133-З; Гражданский кодекс РБ
Какие требования предъявляются к риэлтерской деятельности?,"Необходимо иметь аттестат риэлтера, быть зарегистрированным субъектом хозяйствования и соблюдать стандарты оказания риэлтерских услуг. Следует учитывать особенности в зависимости от типа объекта.",Указ Президента РБ от 09.01.2006 № 15; Закон РБ от 14.10.2022 № 213-З
Что такое ЕГРНИ и как получить выписку?,ЕГРНИ — Единый государственный регистр недвижимости. Выписку можно получить в службе 'Одно окно' либо онлайн через портал государственных услуг. Рекомендуется проконсультироваться с юристом для уточнения деталей.,Постановление Совета Министров РБ № 485 от 21.06.2011
Какие налоги платит продавец квартиры?,С 2023 года физические лица освобождаются от НДФЛ при продаже одного объекта недвижимости раз в пять лет. Иначе — 13% от дохода. Данные положения регулируются в соответствии с законодательством Республики Беларусь.,"Налоговый кодекс РБ, ч. 2, ст. 153"
Что входит в технический паспорт объекта?,"Сведения о площади, этажности, материалах, планировке, годе постройки, инженерных коммуникациях и пр. Данные положения регулируются в соответствии с законодательством Республики Беларусь.",Инструкция о технической инвентаризации (утв. Госкомимуществом)
Можно ли продать квартиру без согласия супруга?,"Нет, требуется нотариально удостоверенное согласие супруга, если имущество совместно нажитое. Данные положения регулируются в соответствии с законодательством Республики Беларусь.","Семейный кодекс РБ, ст. 26"
Как проверить правовой статус земельного участка?,"Можно через портал Минюста, карту публичной кадастровой карты или обратиться в агентство по регистрации. Следует учитывать особенности в зависимости от типа объекта.","Инструкция о порядке регистрации недвижимости, утвержденная Минюстом"
Как происходит регистрация перехода права собственности?,"Подача заявления, подписание договора, предоставление пакета документов в регистрирующий орган. Регистрация занимает до 5 рабочих дней. Рекомендуется проконсультироваться с юристом для уточнения деталей.",Закон РБ от 22.07.2002 № 133-З
Что нужно для заключения договора аванса?,"Письменная форма, сумма, сроки, обязательства сторон, подтверждение получения денежных средств. Такие требования обязательны для соблюдения правовых норм.","Гражданский кодекс РБ, ст. 408-411"
Какие документы нужны для продажи квартиры?,"Паспорт, свидетельство о праве собственности, технический паспорт, справка о зарегистрированных лицах, согласие супруга (при необходимости), справка об отсутствии задолженности по коммунальным услугам. Данные положения регулируются в соответствии с законодательством Республики Беларусь.",Закон РБ от 22.07.2002 № 133-З; Указ Президента РБ от 09.01.2006 № 15
Как проверить наличие ареста на недвижимость?,Через запрос в ЕГРНИ либо в территориальную службу по госрегистрации. Также можно обратиться к нотариусу или юристу. Рекомендуется проконсультироваться с юристом для уточнения деталей.,Закон РБ от 22.07.2002 № 133-З; Гражданский кодекс РБ
Какие требования предъявляются к риэлтерской деятельности?,"Необходимо иметь аттестат риэлтера, быть зарегистрированным субъектом хозяйствования и соблюдать стандарты оказания риэлтерских услуг. Следует учитывать особенности в зависимости от типа объекта.",Указ Президента РБ от 09.01.2006 № 15; Закон РБ от 14.10.2022 № 213-З
Что такое ЕГРНИ и как получить выписку?,ЕГРНИ — Единый государственный регистр недвижимости. Выписку можно получить в службе 'Одно окно' либо онлайн через портал государственных услуг. Следует учитывать особенности в зависимости от типа объекта.,Постановление Совета Министров РБ № 485 от 21.06.2011
Какие налоги платит продавец квартиры?,С 2023 года физические лица освобождаются от НДФЛ при продаже одного объекта недвижимости раз в пять лет. Иначе — 13% от дохода. Следует учитывать особенности в зависимости от типа объекта.,"Налоговый кодекс РБ, ч. 2, ст. 153"
Что входит в технический паспорт объекта?,"Сведения о площади, этажности, материалах, планировке, годе постройки, инженерных коммуникациях и пр. Рекомендуется проконсультироваться с юристом для уточнения деталей.",Инструкция о технической инвентаризации (утв. Госкомимуществом)
Можно ли продать квартиру без согласия супруга?,"Нет, требуется нотариально удостоверенное согласие супруга, если имущество совместно нажитое. Следует учитывать особенности в зависимости от типа объекта.","Семейный кодекс РБ, ст. 26"
Как проверить правовой статус земельного участка?,"Можно через портал Минюста, карту публичной кадастровой карты или обратиться в агентство по регистрации. Это важно учитывать при подготовке к сделке.","Инструкция о порядке регистрации недвижимости, утвержденная Минюстом"
Как происходит регистрация перехода права собственности?,"Подача заявления, подписание договора, предоставление пакета документов в регистрирующий орган. Регистрация занимает до 5 рабочих дней. Следует учитывать особенности в зависимости от типа объекта.",Закон РБ от 22.07.2002 № 133-З
Что нужно для заключения договора аванса?,"Письменная форма, сумма, сроки, обязательства сторон, подтверждение получения денежных средств. Рекомендуется проконсультироваться с юристом для уточнения деталей.","Гражданский кодекс РБ, ст. 408-411"
Какие документы нужны для продажи квартиры?,"Паспорт, свидетельство о праве собственности, технический паспорт, справка о зарегистрированных лицах, согласие супруга (при необходимости), справка об отсутствии задолженности по коммунальным услугам. Следует учитывать особенности в зависимости от типа объекта.",Закон РБ от 22.07.2002 № 133-З; Указ Президента РБ от 09.01.2006 № 15
Как проверить наличие ареста на недвижимость?,Через запрос в ЕГРНИ либо в территориальную службу по госрегистрации. Также можно обратиться к нотариусу или юристу. Рекомендуется проконсультироваться с юристом для уточнения деталей.,Закон РБ от 22.07.2002 № 133-З; Гражданский кодекс РБ
Какие требования предъявляются к риэлтерской деятельности?,"Необходимо иметь аттестат риэлтера, быть зарегистрированным субъектом хозяйствования и соблюдать стандарты оказания риэлтерских услуг. Рекомендуется проконсультироваться с юристом для уточнения деталей.",Указ Президента РБ от 09.01.2006 № 15; Закон РБ от 14.10.2022 № 213-З
Что такое ЕГРНИ и как получить выписку?,ЕГРНИ — Единый государственный регистр недвижимости. Выписку можно получить в службе 'Одно окно' либо онлайн через портал государственных услуг. Рекомендуется проконсультироваться с юристом для уточнения деталей.,Постановление Совета Министров РБ № 485 от 21.06.2011
Какие налоги платит продавец квартиры?,С 2023 года физические лица освобождаются от НДФЛ при продаже одного объекта недвижимости раз в пять лет. Иначе — 13% от дохода. Такие требования обязательны для соблюдения правовых норм.,"Налоговый кодекс РБ, ч. 2, ст. 153"
Что входит в технический паспорт объекта?,"Сведения о площади, этажности, материалах, планировке, годе постройки, инженерных коммуникациях и пр. Такие требования обязательны для соблюдения правовых норм.",Инструкция о технической инвентаризации (утв. Госкомимуществом)
Можно ли продать квартиру без согласия супруга?,"Нет, требуется нотариально удостоверенное согласие супруга, если имущество совместно нажитое. Данные положения регулируются в соответствии с законодательством Республики Беларусь.","Семейный кодекс РБ, ст. 26"
Как проверить правовой статус земельного участка?,"Можно через портал Минюста, карту публичной кадастровой карты или обратиться в агентство по регистрации. Такие требования обязательны для соблюдения правовых норм.","Инструкция о порядке регистрации недвижимости, утвержденная Минюстом"
Как происходит регистрация перехода права собственности?,"Подача заявления, подписание договора, предоставление пакета документов в регистрирующий орган. Регистрация занимает до 5 рабочих дней. Рекомендуется проконсультироваться с юристом для уточнения деталей.",Закон РБ от 22.07.2002 № 133-З
Что нужно для заключения договора аванса?,"Письменная форма, сумма, сроки, обязательства сторон, подтверждение получения денежных средств. Это важно учитывать при подготовке к сделке.","Гражданский кодекс РБ, ст. 408-411"
Какие документы нужны для продажи квартиры?,"Паспорт, свидетельство о праве собственности, технический паспорт, справка о зарегистрированных лицах, согласие супруга (при необходимости), справка об отсутствии задолженности по коммунальным услугам. Рекомендуется проконсультироваться с юристом для уточнения деталей.",Закон РБ от 22.07.2002 № 133-З; Указ Президента РБ от 09.01.2006 № 15
Как проверить наличие ареста на недвижимость?,Через запрос в ЕГРНИ либо в территориальную службу по госрегистрации. Также можно обратиться к нотариусу или юристу. Это важно учитывать при подготовке к сделке.,Закон РБ от 22.07.2002 № 133-З; Гражданский кодекс РБ
Какие требования предъявляются к риэлтерской деятельности?,"Необходимо иметь аттестат риэлтера, быть зарегистрированным субъектом хозяйствования и соблюдать стандарты оказания риэлтерских услуг. Рекомендуется проконсультироваться с юристом для уточнения деталей.",Указ Президента РБ от 09.01.2006 № 15; Закон РБ от 14.10.2022 № 213-З
Что такое ЕГРНИ и как получить выписку?,ЕГРНИ — Единый государственный регистр недвижимости. Выписку можно получить в службе 'Одно окно' либо онлайн через портал государственных услуг. Следует учитывать особенности в зависимости от типа объекта.,Постановление Совета Министров РБ № 485 от 21.06.2011
Какие налоги платит продавец квартиры?,С 2023 года физические лица освобождаются от НДФЛ при продаже одного объекта недвижимости раз в пять лет. Иначе — 13% от дохода. Такие требования обязательны для соблюдения правовых норм.,"Налоговый кодекс РБ, ч. 2, ст. 153"
Что входит в технический паспорт объекта?,"Сведения о площади, этажности, материалах, планировке, годе постройки, инженерных коммуникациях и пр. Это важно учитывать при подготовке к сделке.",Инструкция о технической инвентаризации (утв. Госкомимуществом)
Можно ли продать квартиру без согласия супруга?,"Нет, требуется нотариально удостоверенное согласие супруга, если имущество совместно нажитое. Это важно учитывать при подготовке к сделке.","Семейный кодекс РБ, ст. 26"
Как проверить правовой статус земельного участка?,"Можно через портал Минюста, карту публичной кадастровой карты или обратиться в агентство по регистрации. Это важно учитывать при подготовке к сделке.","Инструкция о порядке регистрации недвижимости, утвержденная Минюстом"
Как происходит регистрация перехода права собственности?,"Подача заявления, подписание договора, предоставление пакета документов в регистрирующий орган. Регистрация занимает до 5 рабочих дней. Это важно учитывать при подготовке к сделке.",Закон РБ от 22.07.2002 № 133-З
Что нужно для заключения договора аванса?,"Письменная форма, сумма, сроки, обязательства сторон, подтверждение получения денежных средств. Рекомендуется проконсультироваться с юристом для уточнения деталей.","Гражданский кодекс РБ, ст. 408-411"
